#[AFISE]Type,ObjectType,[EntityType]KindID,DomainID,CountryID,CategoryID,SubCategoryID,SpecificID,ExtraID,Mil-2525,Range
F7P,1,1,2,165,1,3,1,0,FIGHTER,12
F7PG,1,1,2,165,1,3,2,0,FIGHTER,20
MirageIII,1,1,2,165,1,4,1,0,FIGHTER,0
MirageIIIRose,1,1,2,165,1,4,4,0,FIGHTER,24
MirageV,1,1,2,165,1,5,4,0,FIGHTER,0
F16,1,1,2,165,1,1,1,0,FIGHTER,0
F16A,1,1,2,165,1,1,2,0,FIGHTER,60
F16C,1,1,2,165,1,1,3,0,FIGHTER,60
JF17_B1,1,1,2,165,1,2,1,0,FIGHTER,55
SSS,1,1,2,165,8,1,0,0,MILITARY_AEW,15
KE03,1,1,2,165,8,2,0,0,MILITARY_AEW,0
C130,1,1,2,165,4,1,0,0,MILITARY_CARGO_TANKER,0
CASA_CN235,1,1,2,165,4,2,0,0,MILITARY_CARGO_TANKER,0
IL78,1,1,2,165,4,3,0,0,MILITARY_CARGO_TANKER,0
Falcon20,1,1,2,165,6,1,0,0,MILITARY_AEW,0
Bell1ZViper,2,1,2,165,20,2,0,0,HELICOPTER,0
BellAH1FCobra,2,1,2,165,20,3,0,0,HELICOPTER,0
AllouteIII,2,1,2,165,21,1,0,0,HELICOPTER,0
AgustaAW139,2,1,2,165,21,2,0,0,HELICOPTER,0
MI17,2,1,2,165,25,1,0,0,HELICOPTER,0
K8,1,1,2,165,40,3,0,0,AIRLINER,0
T37,1,1,2,165,40,4,1,0,AIRLINER,0
T37,1,1,2,165,40,4,2,0,AIRLINER,0
SuperMushak,1,1,2,165,40,1,2,0,AIRLINER,0
FalcoUAV,1,1,2,165,50,1,0,0,UAV,0
BuraqUAV,1,1,2,165,50,2,0,0,UAV,0
ShahperUAV,1,1,2,165,50,3,0,0,UAV,0
Tornado_UAV,1,1,2,165,50,4,0,0,UAV,40
UqabUAV,1,1,2,165,50,5,0,0,UAV,0
VectorUAV,1,1,2,165,50,6,0,0,UAV,0
RoverUAV,1,1,2,165,50,7,0,0,UAV,0
ShadowMKI,1,1,2,165,50,8,0,0,UAV,0
ATR42,1,1,2,165,86,22,1,0,AIRLINER,0
AirbusA320,1,1,2,165,87,32,2,0,AIRLINER,0
Boeing737,1,1,2,165,87,32,3,0,AIRLINER,0
Challenger605,1,1,2,165,87,32,4,0,AIRLINER,0
ATR72,1,1,2,165,87,22,1,0,AIRLINER,0
BeechcraftModel1300,1,1,2,165,88,22,1,0,AIRLINER,0
AirbusA300,1,1,2,165,88,32,2,0,AIRLINER,0
AirbusA310,1,1,2,165,88,32,3,0,AIRLINER,0
AirbusA330,1,1,2,165,88,32,4,0,AIRLINER,0
Boeing777,1,1,2,165,88,32,8,0,AIRLINER,0
Boeing747,1,1,2,165,88,34,7,0,AIRLINER,0
AirbusA340,1,1,2,165,88,34,5,0,AIRLINER,0
Mirage2000,1,1,2,99,1,2,0,0,FIGHTER,55
Mig21,1,1,2,99,1,3,0,0,FIGHTER,30
Mig23,1,1,2,99,1,4,0,0,FIGHTER,0
Mig25,1,1,2,99,1,5,0,0,FIGHTER,0
Mig27,1,1,2,99,2,4,0,0,FIGHTER,0
Mig29,1,1,2,99,1,7,0,0,FIGHTER,50
Su30MKI,1,1,2,99,1,8,0,0,FIGHTER,70
Jaguar,1,1,2,99,2,1,0,0,FIGHTER,54
Harrier,1,1,2,99,2,3,0,0,FIGHTER,0
IAIHeron,1,1,2,99,50,1,0,0,UAV,0
IAISearcher,1,1,2,99,50,2,0,0,UAV,0
DrdoAura,1,1,2,99,50,3,0,0,UAV,0
MISSILE_HQ_9P,12,2,1,165,1,4,2,0,MISSILE,0
AAIRQ7Shadow,1,1,2,225,50,8,1,0,UAV,0
RQ170Sentinel,1,1,2,225,50,37,0,0,UAV,0
MPDR_45_RADAR,11,12,25,2,104,178,253,251,RADAR,25
MPDR_45_RADAR,11,9,1,165,2,2,1,0,RADAR,25
MPDR_60_RADAR,11,12,25,2,104,178,254,252,RADAR,33
MPDR_60_RADAR,11,9,1,165,2,2,2,0,RADAR ,33
MPDR_90_RADAR,11,12,25,2,104,178,255,253,RADAR,50
MPDR_90_RADAR,11,9,1,165,2,2,3,0,RADAR,50
TPS_43G_RADAR,11,12,25,2,104,178,256,254,RADAR,240
TPS_43G_RADAR,11,9,1,165,2,2,4,0,RADAR,240
YLC_II_RADAR,11,12,25,2,104,178,257,255,RADAR,178
YLC_II_RADAR,11,9,1,165,2,2,5,0,RADAR,178
YLC_6_RADAR,11,12,25,2,104,178,258,256,RADAR,65
YLC_6_RADAR,11,9,1,165,2,2,6,0,RADAR,65
TPS_77_RADAR,11,12,25,2,104,178,259,257,RADAR,250
TPS_77_RADAR,11,9,1,165,2,2,7,0,RADAR,250
ATCR_RADAR,11,9,1,165,2,2,8,0,RADAR,80
SPADA_DETECTION_CENTER,11,1,1,165,28,1,1,0,DETECTION_CENTER,100
SPADA_FIRE_COMMAND_AND_CONTROL_CENTER,4,1,1,165,28,1,2,0,COMMAND_AND_CONTROL_CENTER,50
SPADA_MUNITION_LAUNCHER,17,1,1,165,28,1,2,1,MUNITION_LAUNCHER,0.05
GENERAL_VEHICLES_SUZUKI_MEHRAN,4,1,1,165,81,41,1,0,GENERAL_VEHICLES,0
GENERAL_VEHICLES_TOYOTA_GLI,4,1,1,165,81,43,1,0,GENERAL_VEHICLES,0
GENERAL_VEHICLES_TOYOTA_ALTIS,4,1,1,165,81,43,2,0,GENERAL_VEHICLES,0
GENERAL_VEHICLES_TOYOTA_XLI,4,1,1,165,81,43,3,0,GENERAL_VEHICLES,0
GENERAL_VEHICLES_HONDA_CIVIC,4,1,1,165,81,43,4,0,GENERAL_VEHICLES,0
GENERAL_VEHICLES_HONDA_CITY,4,1,1,165,81,43,5,0,GENERAL_VEHICLES,0
GENERAL_VEHICLES_HONDA_ACCORD,4,1,1,165,81,43,6,0,GENERAL_VEHICLES,0
GENERAL_VEHICLES_SUZUKI_LIANA,4,1,1,165,81,43,7,0,GENERAL_VEHICLES,0
GENERAL_VEHICLES_SUZUKI_BALENO,4,1,1,165,81,43,8,0,GENERAL_VEHICLES,0
GENERAL_VEHICLES_BMW_7_SERIES,4,1,1,165,81,44,1,0,GENERAL_VEHICLES,0
GENERAL_VEHICLES_SUZUKI_SWIFT,4,1,1,165,81,52,1,0,GENERAL_VEHICLES  ,0
GENERAL_VEHICLES_SUZUKI_CULTUS,4,1,1,165,81,52,2,0,GENERAL_VEHICLES,0
GENERAL_VEHICLES_SUZUKI_WAGON_R,4,1,1,165,81,52,3,0,GENERAL_VEHICLES,0
GENERAL_VEHICLES_SUZUKI_ALTO,4,1,1,165,81,52,4,0,GENERAL_VEHICLES,0
GENERAL_VEHICLES_SINGLE_CABIN,4,1,1,165,81,112,1,0,GENERAL_VEHICLES,0
GENERAL_VEHICLES_TOYOTA_LANDCRUISER_3_DOOR,4,1,1,165,81,112,2,0,GENERAL_VEHICLES,0
GENERAL_VEHICLES_SUZUKI_POTOHAR,4,1,1,165,81,112,3,0,GENERAL_VEHICLES,0
GENERAL_VEHICLES_JEEP,4,1,1,165,81,112,4,0,GENERAL_VEHICLES ,0
GENERAL_VEHICLES_DOUBLE_CABIN,4,1,1,165,81,113,1,0,GENERAL_VEHICLES  ,0
GENERAL_VEHICLES_TOYOTA_SURF,4,1,1,165,81,113,2,0,GENERAL_VEHICLES  ,0
GENERAL_VEHICLES_TOYOTA_Revo,4,1,1,165,81,113,3,0,GENERAL_VEHICLES  ,0
GENERAL_VEHICLES_BMW_X5,4,1,1,165,81,113,4,0,GENERAL_VEHICLES  ,0
SHELL_155MM,14,2,9,165,2,5,0,0,SHELL  ,0
GENERAL_VEHICLES_TOYOTA_LANDCRUISER_5_DOOR,4,1,1,165,81,114,2,0,GENERAL_VEHICLES  ,0
GENERAL_VEHICLES_HONDA_CD_70,4,1,1,165,80,1,1,1,GENERAL_VEHICLES  ,0
SHELL_203MM,4,2,9,165,2,6,0,0,SHELL,0
GENERAL_VEHICLES_TOYOTA_HIACE,4,1,1,165,82,1,1,0,GENERAL_VEHICLES  ,0
GENERAL_VEHICLES_TOYOTA_COASTER,4,1,1,165,82,8,1,0,GENERAL_VEHICLES  ,0
GENERAL_VEHICLES_AIRPORT_TRANSPORT_BUS,4,1,1,165,82,17,1,0,GENERAL_VEHICLES  ,0
GENERAL_VEHICLES_PRIVATE_BUS,4,1,1,165,82,2,1,0,GENERAL_VEHICLES  ,0
GENERAL_VEHICLES_TRUCK,4,1,1,165,83,10,0,0,GENERAL_VEHICLES  ,0
GENERAL_VEHICLES_OIL_TANKER,4,1,1,165,83,20,0,0,GENERAL_VEHICLES  ,0
GENERAL_VEHICLES_AMBULANCE,4,1,1,165,84,1,0,0,GENERAL_VEHICLES  ,0
GENERAL_VEHICLES_CRASH_TENDER,4,1,1,165,84,12,1,0,GENERAL_VEHICLES  ,0
GENERAL_VEHICLES_RUNWAY_AUTO_SWEEPER,4,1,1,165,84,70,1,0,GENERAL_VEHICLES  ,0
GENERAL_VEHICLES_SUPPLY_VAN,4,1,1,165,83,70,0,0,GENERAL_VEHICLES  ,0
GENERAL_VEHICLES_RUNWAY_INSPECTION,4,1,1,165,84,90,1,0,GENERAL_VEHICLES  ,0
GENERAL_VEHICLES_FRICTION_TEST,4,1,1,165,84,90,2,0,GENERAL_VEHICLES  ,0
GENERAL_VEHICLES_DRAG_PARACHUTE_VAN,4,1,1,165,84,90,3,0,GENERAL_VEHICLES  ,0
GENERAL_VEHICLES_PUSH_BACK,4,1,1,165,84,90,4,0,GENERAL_VEHICLES  ,0
GENERAL_VEHICLES_FOLLOW_ME,4,1,1,165,84,90,5,0,GENERAL_VEHICLES  ,0
GENERAL_VEHICLES_STAIRS_CABIN,4,1,1,165,84,90,6,0,GENERAL_VEHICLES  ,0
GENERAL_VEHICLES_STAIRS_TRUCK,4,1,1,165,84,90,7,0,GENERAL_VEHICLES  ,0
GENERAL_VEHICLES_BICYCLE,4,1,1,165,91,1,0,0,GENERAL_VEHICLES  ,0
GENERAL_VEHICLES_WATER_BOUZER,4,1,1,165,84,122,1,0,GENERAL_VEHICLES  ,0
GENERAL_VEHICLES_BASE_COMMANDER_CAR,4,1,1,165,81,43,2,0,GENERAL_VEHICLES  ,0
GENERAL_VEHICLES_OC_FLYING_CAR,4,1,1,165,81,52,2,0,GENERAL_VEHICLES  ,0
GENERAL_VEHICLES_MOBILE_OFFICER,4,1,1,165,81,113,1,0,GENERAL_VEHICLES  ,0
LIFE_FORM_SOLDIER,6,3,1,165,11,1,0,0,LIFE_FORM,0
LIFE_FORM_BIRD_SHOOTER,6,3,1,165,13,1,0,1,LIFE_FORM,0
LIFE_FORM_MAN,6,3,1,165,130,0,0,0,LIFE_FORM,0
LIFE_FORM_WOMAN,6,3,1,165,130,0,0,100,LIFE_FORM,0
LIFE_FORM_TECHNICIAN,6,3,1,165,13,150,1,0,LIFE_FORM,0
MISSILE_AIM_9L,12,2,1,165,1,1,1,0,MISSILE,0
MISSILE_AIM_120_C5,12,2,1,165,1,2,0,0,MISSILE,0
MISSILE_ASPIDE_2000,12,2,1,165,1,3,0,0,MISSILE,0
LIFE_FORM_DOG,7,3,1,165,200,1,0,0,LIFE_FORM,0
LIFE_FORM_CAT,7,3,1,165,200,1,0,0,LIFE_FORM,0
TANK_ALKHALID,3,1,1,165,1,1,0,0,TANK,0
TANK_AL_ZARAR,3,1,1,165,1,2,0,0,TANK,0
TANK_ARJUN,3,1,1,99,1,1,0,0,TANK,0
APC_TALHA,3,1,1,165,2,1,0,0,APC,0
STATIC_OBJECT_TRENCH,8,5,1,165,5,1,0,0,CULTURAL_FEATURES,0
STATIC_OBJECT_OBSERVATION_TOWER,8,5,1,165,17,3,0,0,CULTURAL_FEATURES,0
LIFE_FORM_JTAC,6,3,1,165,11,150,1,0,LIFE_FORM,0
STATIC_OBJECT_FENCE,8,5,1,165,5,36,0,0,CULTURAL_FEATURES,0
ARTILLERY_M110A2,3,1,1,165,4,2,0,0,ARTILLERY,0
LIFE_FORM_TOWER_CONTROLLER,6,5,1,165,17,4,0,0,LIFE_FORM,0
BOMB_GBU_32,13,2,9,165,1,4,0,0,BOMB,0
BOMB_GBU_38,13,2,9,165,1,5,0,0,BOMB,0
BOMB_GBU_31,13,2,9,165,1,3,0,0,BOMB,0
DEFAULT_FIGHTER,1,1,2,165,1,0,0,0,FIGHTER,0
DEFAULT_UAV,1,1,2,165,50,0,0,0,UAV,0
DEFAULT_AIRLINER,1,1,2,165,86,0,0,0,AIRLINER,0
DEFAULT_MILITARY_CARGO_TANKER,1,1,2,165,4,0,0,0,MILITARY_CARGO_TANKER,0
DEFAULT_RADAR,11,9,1,165,2,0,0,0,RADAR ,0
DEFAULT_MISSILE,12,2,1,165,1,0,0,0,MISSILE,0
DEFAULT_MUNITION_LAUNCHER,17,1,1,165,28,0,0,0,MUNITION_LAUNCHER  ,0
DEFAULT_GENERAL_VEHICLES,4,1,1,165,27,0,0,0,GENERAL_VEHICLES  ,0
DEFAULT_TANK,3,1,1,165,1,0,0,0,TANK,0
DEFAULT_APC,3,1,1,165,2,0,0,0,APC,0
DEFAULT_ARTILLERY,3,1,1,165,4,0,0,0,ARTILLERY,0
DEFAULT_LIFE_FORM,6,3,0,0,0,0,0,0,LIFE_FORM,0
APC_BMP_1,3,1,1,99,2,1,0,0,APC,0
APC_BMP_2,3,1,1,99,2,2,0,0,APC,0
DEFAULT_HELICOPTER,2,1,2,165,23,0,0,0,HELICOPTER,0
DEFAULT_MILITARY_AEW,1,1,2,165,8,0,0,0,MILITARY_AEW,0
GMCC_C3I_SYSTEM,11,1,1,165,29,1,0,0,COMMAND_AND_CONTROL_CENTER,0
SMCC_C3I_SYSTEM,11,1,1,165,29,2,0,0,COMMAND_AND_CONTROL_CENTER,0
Rafale,1,1,2,99,1,9,1,0,FIGHTER,100
EXPENDABLE_CHAFF,16,8,2,165,1,0,0,0,EXPENDABLE,0
EXPENDABLE_FLARE,16,8,2,165,2,0,0,0,EXPENDABLE,0
EXPENDABLE_COMBINED_CHAFF_AND_FLARE,15,8,2,165,3,0,0,0,EXPENDABLE,0
EXPENDABLE_ACTIVE_EMITTER,15,8,2,165,4,0,0,0,EXPENDABLE,0
EXPENDABLE_PASSIVE_DECOY,16,8,2,165,5,0,0,0,EXPENDABLE,0
EXPENDABLE_WINGED_DECOY,15,8,2,165,6,0,0,0,EXPENDABLE,0
EXPENDABLE_SIGNAL_ILLUMINATION_FLARE,16,8,2,165,7,0,0,0,EXPENDABLE,0
EXPENDABLE_SMOKE_GENERATOR,16,8,2,165,8,0,0,0,EXPENDABLE,0
EXPENDABLE_SAR_NIGHT_LIGHT,16,8,2,165,13,0,0,0,EXPENDABLE,0
J10C,1,1,2,165,1,6,1,0,FIGHTER,100
DEFAULT_EXPENDABLE,16,8,0,0,0,0,0,0,EXPENDABLE,0
DEFAULT_PLATFORM,4,1,0,0,0,0,0,0,DEFAULT_AIR,0
DEFAULT_PLATFORM_LAND,4,1,1,0,0,0,0,0,DEFAULT_AIR,0
DEFAULT_PLATFORM_AIR,1,1,2,0,0,0,0,0,DEFAULT_AIR,0
DEFAULT_PLATFORM_SURFACE,5,1,3,0,0,0,0,0,DEFAULT_AIR,0
DEFAULT_PLATFORM_SUBSURFACE,5,1,4,0,0,0,0,0,DEFAULT_AIR,0
DEFAULT_PLATFORM_SPACE,1,1,5,0,0,0,0,0,DEFAULT_AIR,0
DEFAULT_MUNITION,17,2,0,0,0,0,0,0,MISSILE,0
DEFAULT_MUNITION_ANTI_AIR,12,2,1,0,0,0,0,0,MISSILE,0
DEFAULT_MUNITION_ANTI_ARMOUR,14,2,2,0,0,0,0,0,MISSILE,0
DEFAULT_MUNITION_ANTI_GUIDED_WEAPON,12,2,3,0,0,0,0,0,MISSILE,0
DEFAULT_MUNITION_ANTI_RADAR,11,2,4,0,0,0,0,0,MISSILE,0
DEFAULT_MUNITION_ANTI_SATELLITE,12,2,5,0,0,0,0,0,MISSILE,0
DEFAULT_MUNITION_ANTI_SHIP,12,2,6,0,0,0,0,0,MISSILE,0
DEFAULT_MUNITION_ANTI_SUBMARINE,12,2,7,0,0,0,0,0,MISSILE,0
DEFAULT_MUNITION_ANTI_PERSONNEL,13,2,8,0,0,0,0,0,MISSILE,0
DEFAULT_MUNITION_BATTLEFIELD_SUPPORT,13,2,9,0,0,0,0,0,MISSILE,0
DEFAULT_MUNITION_STRATEGIC,13,2,10,0,0,0,0,0,MISSILE,0
DEFAULT_MUNITION_TACTICAL,13,2,11,0,0,0,0,0,MISSILE,0
DEFAULT_LIFE_FORM_LAND,6,3,1,0,0,0,0,0,LIFE_FORM,0
DEFAULT_LIFE_FORM_AIR,7,3,2,0,0,0,0,0,LIFE_FORM,0
DEFAULT_LIFE_FORM_SURFACE,6,3,3,0,0,0,0,0,LIFE_FORM,0
DEFAULT_LIFE_FORM_SUBSURFACE,6,3,4,0,0,0,0,0,LIFE_FORM,0
DEFAULT_LIFE_FORM_SPACE,6,3,5,0,0,0,0,0,LIFE_FORM,0
DEFAULT_ENVIRONMENTAL,9,4,0,0,0,0,0,0,DEFAULT,0
LY_80_FIRE_COMMAND_AND_CONTROL_CENTER,4,1,1,165,28,6,1,0,COMMAND_AND_CONTROL_CENTER,85
DEFAULT_CULTURAL_FEATURE_SURFACE,8,5,3,0,0,0,0,0,CULTURAL_FEATURE,0
DEFAULT_CULTURAL_FEATURE_SUBSURFACE,8,5,4,0,0,0,0,0,CULTURAL_FEATURE,0
DEFAULT_CULTURAL_FEATURE_SPACE,8,5,5,0,0,0,0,0,CULTURAL_FEATURE,0
HQ_9P_MUNITION_LAUNCHER,17,1,1,165,28,2,2,2,MUNITION_LAUNCHER,3
DEFAULT_RADIO,18,7,0,0,0,0,0,0,DEFAULT,0
DEFAULT_EXPENDABLE_LAND,16,8,1,0,0,0,0,0,EXPENDABLE,0
DEFAULT_EXPENDABLE_AIR,16,8,2,0,0,0,0,0,EXPENDABLE,0
DEFAULT_EXPENDABLE_SURFACE,16,8,3,0,0,0,0,0,EXPENDABLE,0
MISSILE_AS_30,12,2,6,165,1,5,0,0,MISSILE,0
DEFAULT_EXPENDABLE_SPACE,16,8,5,0,0,0,0,0,EXPENDABLE,0
DEFAULT_SENSOR_EMITTER,11,9,0,0,0,0,0,0,SENSOR_EMITTER,0
DEFAULT_SENSOR_EMITTER_LAND,11,9,1,0,0,0,0,0,SENSOR_EMITTER,0
DEFAULT_SENSOR_EMITTER_AIR,11,9,2,0,0,0,0,0,SENSOR_EMITTER,0
DEFAULT_SENSOR_EMITTER_SURFACE,11,9,3,0,0,0,0,0,SENSOR_EMITTER,0
DEFAULT_SENSOR_EMITTER_SUBSURFACE,11,9,4,0,0,0,0,0,SENSOR_EMITTER,0
DEFAULT_SENSOR_EMITTER_SPACE,11,9,5,0,0,0,0,0,SENSOR_EMITTER,0
HQ_16_MUNITION_LAUNCHER,17,1,1,165,28,3,2,0,MUNITION_LAUNCHER,0
CROTALE_MUNITION_LAUNCHER,17,1,1,165,28,4,1,0,MUNITION_LAUNCHER,3
MISSILE_LY_80,12,2,1,165,1,5,1,0,MISSILE,0
MISSILE_CROTALE,12,2,1,165,1,6,0,0,MISSILE,0
MISSILE_MISTRAL,12,2,1,165,1,7,0,0,MISSILE,0
MISSILE_FN_16,12,2,1,165,1,8,0,0,MISSILE,0
MISSILE_FN_6,12,2,1,165,1,9,0,0,MISSILE,0
MISSILE_QW_18,12,2,1,165,1,10,0,0,MISSILE,0
MISSILE_SA_3_GOA,12,2,1,99,1,4,0,0,MISSILE,0
MISSILE_S400,12,2,1,99,1,3,1,0,MISSILE,0
HQ_9_COMMAND_AND_COMMAND_AND_CONTROL_CENTER,4,1,1,165,28,2,1,0,COMMAND_AND_CONTROL_CENTER,0
HQ_16_COMMAND_AND_COMMAND_AND_CONTROL_CENTER,4,1,1,165,28,3,1,0,COMMAND_AND_CONTROL_CENTER,0
HQ_16_FIRE_COMMAND_AND_CONTROL_CENTER,4,1,1,165,28,3,3,0,COMMAND_AND_CONTROL_CENTER,115
HQ_16_DETECTION_CENTER,11,1,1,165,28,3,4,0,DETECTION_CENTER,80
CROTALE_DETECTION_CENTER,11,1,1,165,28,4,2,0,DETECTION_CENTER,8
LIFE_FORM_DEFAULT_PAKISTAN_ARMY_SOLDIER,6,3,1,165,11,1,0,0,LIFE_FORM,0
LIFE_FORM_MANPADS_FN_6,6,3,1,165,11,85,3,0,LIFE_FORM,0
LIFE_FORM_MANPADS_FN_16,6,3,1,165,11,85,4,0,LIFE_FORM,0
LIFE_FORM_MANPADS_QW_18,6,3,1,165,11,85,5,0,LIFE_FORM,0
LIFE_FORM_MANPADS_MISTRAL,6,3,1,165,11,85,15,0,LIFE_FORM,0
LIFE_FORM_DEFAULT_MANPADS,6,3,1,165,11,85,0,0,LIFE_FORM,0
DEFAULT_SIMULATION_OBJECT,1,0,0,0,0,0,0,0,DEFAULT,0
Boeing_KC_777,1,1,2,99,4,2,0,0,MILITARY_CARGO_TANKER,0
PHALCON_AWACS,1,1,2,99,8,3,0,0,MILITARY_AEW,200
P3C_ORION_ASW,1,1,2,165,5,2,0,0,MILITARY_AEW,0
TPS_77_MRR_RADAR,11,12,25,2,104,178,4031,4084,RADAR,240
TPS_77_MRR_RADAR,11,9,1,165,2,1,1,0,RADAR,240
GS_100_RADAR,11,9,1,99,2,1,1,0,RADAR,115
ROHINI_RADAR,11,9,1,99,2,2,1,0,RADAR,115
MASTER_T_RADAR,11,9,1,99,2,2,2,0,RADAR,240
ATCR_RADAR,11,12,25,2,104,178,260,258,RADAR,80
ATCR_RADAR,11,9,1,99,2,2,3,0,RADAR,80
ARUDHRA_RADAR,11,9,1,99,2,2,4,0,RADAR,215
SURFACE_DDG_DELHI,5,1,3,99,4,1,0,0,DESTROYER,0
SURFACE_DDG_KOLKATA,5,1,3,99,4,3,0,0,DESTROYER,0
SURFACE_CARRIER_KUZNETSOV_CLASS,5,1,3,222,1,3,0,0,SURFACE_CARRIER,0
MI35HindE,2,1,2,165,20,1,1,0,HELICOPTER,0
SURFACE_OIL_TANKER,5,1,3,165,82,5,0,0,SURFACE_TANKER,0
SURFACE_FFG_ZULFIQUAR_CLASS,5,1,3,165,6,1,0,0,FRIGATE,0
ARTILLERY_K9_VAJRA,3,1,1,99,4,1,0,0,ARTILLERY,0
SURFACE_CARRIER_VIKRAMADITYA_CLASS,5,1,3,99,1,1,1,0,SURFACE_CARRIER,0
LIFE_FORM_PILOT,6,3,1,0,0,0,0,0,LIFE_FORM,0
DEFAULT_BOMB,13,2,0,0,0,0,0,0,BOMB,0
DEFAULT_DETECTION_CENTER,11,1,1,165,28,5,1,0,DETECTION_CENTER,115
DEFAULT_FIRE_COMMAND_AND_CONTROL_CENTER,4,1,1,165,28,5,2,0,COMMAND_AND_CONTROL_CENTER,80
DEFAULT_TRAINER,1,1,2,165,40,0,0,0,DEFAULT,0
DEFAULT_C3I_SYSTEM,4,1,1,165,29,0,0,0,DEFAULT,0
DEFAULT_SURFACE_TANKER,5,1,3,165,82,0,0,0,SURFACE_TANKER,0
DEFAULT_SURFACE_CARRIER,5,1,3,165,1,0,0,0,SURFACE_CARRIER,0
DEFAULT_SURFACE_GUIDED_MISSILE_DESTROYER,5,1,3,165,4,0,0,0,DESTROYER,0
DEFAULT_SURFACE_GUIDED_MISSILE_FRIGATE,5,1,3,165,6,0,0,0,FRIGATE,0
JF17_B3,1,1,2,165,1,2,4,0,FIGHTER,70
HAL_Tejas,1,1,2,99,1,1,1,0,FIGHTER,50
JF17_B2,1,1,2,165,1,2,2,0,FIGHTER,55
JF17_B2B,1,1,2,165,1,2,3,0,FIGHTER,55
MISSILE_MAGIC_R_550,12,2,1,165,1,12,0,0,MISSILE,0
MISSILE_PL15,12,2,1,165,1,13,1,0,MISSILE,0
MISSILE_PL5_IR,12,2,1,165,1,13,2,0,MISSILE,0
MISSILE_PL10_IIR_HOBS,12,2,1,165,1,13,3,0,MISSILE,0
MISSILE_AIM_9M,12,2,1,165,1,1,2,0,MISSILE,0
MISSILE_AIM_120_D,12,2,1,165,1,2,5,0,MISSILE,0
MISSILE_AIM_120_C7,12,2,1,165,1,2,4,0,MISSILE,0
MISSILE_SD_10A,12,2,1,165,1,14,0,0,MISSILE,0
MISSILE_METEOR,12,2,1,99,1,5,0,0,MISSILE,0
MISSILE_ASTRA,12,2,1,99,1,6,0,0,MISSILE,0
MISSILE_AA_12,12,2,1,99,1,7,1,0,MISSILE,0
MISSILE_AA_11,12,2,1,99,1,7,2,0,MISSILE,0
MISSILE_Mica_RF,12,2,1,99,1,8,1,0,MISSILE,0
MISSILE_Mica_IIR,12,2,1,99,1,8,2,0,MISSILE,0
MISSILE_ASRAAM,12,2,1,99,1,9,0,0,MISSILE,0
MISSILE_PYTHON5,12,2,1,99,1,10,0,0,MISSILE,0
MISSILE_AIM_9X_HOBS,12,2,1,165,1,1,5,0,MISSILE,0
EMBRAER,1,1,2,99,8,4,0,0,MILITARY_AEW,0
IL76,1,1,2,99,4,3,0,0,MILITARY_CARGO_TANKER,0
C17,1,1,2,99,4,4,0,0,MILITARY_CARGO_TANKER,0
MISSILE_HQ_9B,12,2,1,165,1,4,1,0,MISSILE,0
MI24_HIND_A,12,1,2,99,20,1,1,0,HELICOPTER,0
MISSILE_LY_80_EV,12,2,1,165,1,5,2,0,MISSILE,2
LY_80_DETECTION_CENTER,11,1,1,165,28,6,2,0,DETECTION_CENTER,150
SHELL_120MM,14,2,9,165,2,3,0,0,SHELL,0
SHELL_125MM,14,2,9,165,2,4,0,0,SHELL,0
HQ_9B_FIRE_COMMAND_AND_CONTROL_CENTER,4,1,1,165,28,2,3,1,COMMAND_AND_CONTROL_CENTER,260
HQ_9P_FIRE_COMMAND_AND_CONTROL_CENTER,4,1,1,165,28,2,3,2,COMMAND_AND_CONTROL_CENTER,170
HQ_9B_DETECTION_CENTER,11,1,1,165,28,2,4,1,DETECTION_CENTER,400
HQ_9P_DETECTION_CENTER,11,1,1,165,28,2,4,2,DETECTION_CENTER,350
DEFAULT_SHELL,14,2,9,165,2,0,0,0,SHELL,0
DrdoRustom,1,1,2,99,50,4,0,0,UAV,0
DEFAULT_CULTURAL_FEATURE_LAND,8,5,1,0,0,0,0,0,CULTURAL_FEATURE,0
DEFAULT_CULTURAL_FEATURE_AIR,8,5,2,0,0,0,0,0,CULTURAL_FEATURE,0
SHELL_203MM,14,2,9,99,2,4,0,0,SHELL,0
SHELL_155MM,14,2,9,99,2,3,0,0,SHELL,0
SHELL_125MM,14,2,9,99,2,2,0,0,SHELL,0
SHELL_120MM,14,2,9,99,2,1,0,0,SHELL,0
LY_80_EV_MUNITION_LAUNCHER,17,1,1,165,28,7,3,0,MUNITION_LAUNCHER,2
LY_80_MUNITION_LAUNCHER,17,1,1,165,28,6,3,0,MUNITION_LAUNCHER,2
LY_80_EV_DETECTION_CENTER,11,1,1,165,28,7,2,0,DETECTION_CENTER,150
HQ_9B_MUNITION_LAUNCHER,17,1,1,165,28,2,2,1,MUNITION_LAUNCHER,3
GENERAL_VEHICLES_TOYOTA_LANDCRUISER_PRADO,4,1,1,165,81,114,2,0,GENERAL_VEHICLES,0
GENERAL_VEHICLES_HONDA_CG_125,4,1,1,165,80,1,1,2,GENERAL_VEHICLES,0
SURFACE_OIL_TANKER,5,1,3,99,82,5,0,0,SURFACE_TANKER,0
F15_EAGLE,1,1,2,225,1,5,0,0,FIGHTER,100
Su35,1,1,2,222,2,11,0,0,FIGHTER,80
WING_LOONG_II,1,1,2,165,50,9,0,0,UAV,0
BAYRAKTAR_TB2,1,1,2,165,50,10,0,0,UAV,0
BAYRAKTAR_AKINCI,1,1,2,165,50,11,0,0,UAV,0
BELL_412_HUEY,2,1,2,165,24,3,0,0,HELICOPTER,0
BOMB_REK,13,2,9,165,1,6,0,0,BOMB,0
MISSILE_AGM_65_MAVERICK,12,2,2,225,1,4,0,0,MISSILE,0
MISSILE_CBU_105,12,2,9,225,1,22,3,0,MISSILE,0
MISSILE_GBU_31A_JDAM,12,2,9,165,1,15,6,0,MISSILE,0
MISSILE_EXOCET_SM39,12,2,6,165,1,6,1,0,MISSILE,0
MISSILE_AGM_88,12,2,4,165,1,1,1,0,MISSILE,0
MISSILE_MAR_1,12,2,4,165,1,7,1,0,MISSILE,0
MISSILE_CM_400_AKG,12,2,6,165,2,16,0,0,MISSILE,0
MISSILE_C802_AK,12,2,6,165,1,12,0,0,MISSILE,0
MISSILE_AG_300_M,12,2,2,165,1,1,0,0,MISSILE,0
MISSILE_SWORD_1,12,2,1,99,1,12,0,0,MISSILE,0
MISSILE_SWORD_2,12,2,1,99,1,13,0,0,MISSILE,0
MISSILE_SWORD_3,12,2,1,99,1,14,0,0,MISSILE,0
MISSILE_SWORD_4,12,2,1,99,1,15,0,0,MISSILE,0
MISSILE_SWORD_5,12,2,1,99,1,16,0,0,MISSILE,0
BOMB_MAM_L,13,2,9,165,1,7,0,0,BOMB,0
BOMB_H_2_SOW,13,2,9,165,1,8,0,0,BOMB,0
BOMB_H_4_SOW,13,2,9,165,1,9,0,0,BOMB,0
MISSILE_SWORD_X,12,2,1,99,1,17,0,0,MISSILE,0
MISSILE_DERBY,12,2,1,99,1,18,0,0,MISSILE,0
MISSILE_AA_10C,12,2,1,99,1,11,0,0,MISSILE,0
MISSILE_BARAK,12,2,3,99,1,1,1,0,MISSILE,0
MISSILE_BRAHMOS,12,2,6,99,1,1,0,0,MISSILE,0
MISSILE_SPICE_2000,12,2,9,99,1,1,0,0,MISSILE,0
BARAK_RADAR,11,9,1,99,2,3,1,0,RADAR,80
DEFAULT_COMMAND_AND_COMMAND_AND_CONTROL_CENTER,4,1,1,165,34,0,0,0,COMMAND_AND_CONTROL_CENTER,0
LY_80_EV_FIRE_COMMAND_AND_CONTROL_CENTER,4,1,1,165,28,7,1,0,COMMAND_AND_CONTROL_CENTER,115
SA_21_GROWLER_FIRE_COMMAND_AND_CONTROL_CENTER,4,1,1,99,28,3,4,0,COMMAND_AND_CONTROL_CENTER,115
DEFAULT_EXPENDABLE_SUBSURFACE,16,8,4,0,0,0,0,0,EXPENDABLE,0
SA_21_GROWLER_DETECTION_CENTER,11,1,1,99,28,3,5,0,DETECTION_CENTER,216
SA_3_DETECTION_CENTER,11,1,1,99,28,4,3,0,DETECTION_CENTER,37
SA_3_MUNITION_LAUNCHER,17,1,1,99,28,4,2,0,MUNITION_LAUNCHER,0
SA_21_MUNITION_LAUNCHER,17,1,1,99,28,3,2,0,MUNITION_LAUNCHER,0
SA_21_COMMAND_AND_COMMAND_AND_CONTROL_CENTER,4,1,1,99,28,3,3,0,COMMAND_AND_CONTROL_CENTER,0
SA_3_COMMAND_AND_COMMAND_AND_CONTROL_CENTER,4,1,1,99,28,4,1,0,COMMAND_AND_CONTROL_CENTER,115
SPYDER_SR_COMMAND_AND_COMMAND_AND_CONTROL_CENTER,4,1,1,99,28,5,0,0,COMMAND_AND_CONTROL_CENTER,0
SPYDER_MR_COMMAND_AND_COMMAND_AND_CONTROL_CENTER,4,1,1,99,28,7,0,0,COMMAND_AND_CONTROL_CENTER,0
BARAK_COMMAND_AND_COMMAND_AND_CONTROL_CENTER,4,1,1,99,28,10,0,0,COMMAND_AND_CONTROL_CENTER,0
SPYDER_SR_MUNITION_LAUNCHER,17,1,1,99,28,6,0,0,MUNITION_LAUNCHER,0
SPYDER_MR_MUNITION_LAUNCHER,17,1,1,99,28,8,0,0,MUNITION_LAUNCHER,0
BARAK_MUNITION_LAUNCHER,17,1,1,99,28,9,0,0,MUNITION_LAUNCHER,0
MISSILE_AA_13_C,12,2,1,222,1,46,0,0,MISSILE,0
LIFE_FORM_MANPADS_FIM_92_STINGER,6,3,1,99,11,85,2,0,LIFE_FORM,0
LIFE_FORM_MANPADS_IGLA_S,6,3,1,99,11,85,1,0,LIFE_FORM,0
STATIC_OBJECT_BUILDING,8,5,1,165,2,1,0,0,CULTURAL_FEATURES,0
DEFAULT_CULTURAL_FEATURE,8,5,1,165,2,0,0,0,CULTURAL_FEATURE,0
AirbusA380,1,1,2,165,88,34,6,0,AIRLINER,0
MISSILE_SA_6_GAINFUL,12,2,1,222,1,18,1,0,MISSILE,0
MISSILE_SA_8_GECKO,12,2,1,222,1,20,1,0,MISSILE,0
MISSILE_SA_17_GRIZZLY,12,2,1,222,1,29,0,0,MISSILE,0
SA_6_MUNITION_LAUNCHER,17,1,1,222,28,6,2,0,MUNITION_LAUNCHER,0
F16CS,1,1,2,165,1,1,2,1,FIGHTER,0
YIHA_UAV,1,1,2,165,50,12,0,0,UAV,0
STATIC_OBJECT_HANGER,8,5,1,0,2,1,1,0,CULTURAL_FEATURES,0
STATIC_OBJECT_BUILDING_LARGE,8,5,1,0,3,8,0,0,CULTURAL_FEATURES,0
STATIC_OBJECT_BARRACKS,8,5,1,0,2,1,2,0,CULTURAL_FEATURES,0
YLC_2A_RADAR,11,9,1,165,2,2,9,0,RADAR,80
YLC_18A_RADAR,11,9,1,165,2,2,10,0,RADAR,80
YLC_9_RADAR,11,12,25,2,104,178,4033,4086,RADAR,0
YLC_8E_RADAR,11,12,25,2,104,178,4134,4187,RADAR,80
YLC_8E_RADAR,11,9,1,165,2,2,11,0,RADAR,80
JY_27A_RADAR,11,9,1,165,2,2,12,0,RADAR,80
MPDR_REBORN_RADAR,11,9,1,165,2,2,13,0,RADAR,80
INDRA_RADAR,11,9,1,165,2,2,14,0,RADAR,80
ARTILLERY_SH_15,3,1,1,165,4,3,0,0,ARTILLERY,0
QUADCOPTER_PAK,2,1,2,165,50,13,0,0,UAV,0
QUADCOPTER_IND,2,1,2,99,50,5,0,0,UAV,0
QUADCOPTER_PAK_KILLER_DRONE,2,1,2,165,50,13,1,0,UAV,0
QUADCOPTER_IND_KILLER_DRONE,2,1,2,99,50,5,1,0,UAV,0
SA_6_COMMAND_AND_COMMAND_AND_CONTROL_CENTER,4,1,1,222,28,6,1,0,COMMAND_AND_CONTROL_CENTER,0
SA_6_FIRE_COMMAND_AND_CONTROL_CENTER,4,1,1,222,28,6,3,0,COMMAND_AND_CONTROL_CENTER,0
SA_8_MUNITION_LAUNCHER,17,1,1,222,28,7,2,0,MUNITION_LAUNCHER,0
SA_17_COMMAND_AND_COMMAND_AND_CONTROL_CENTER,4,1,1,222,28,11,1,0,COMMAND_AND_CONTROL_CENTER,0
SA_17_FIRE_COMMAND_AND_CONTROL_CENTER,4,1,1,222,28,11,2,0,COMMAND_AND_CONTROL_CENTER,0
SA_17_MUNITION_LAUNCHER,17,1,1,222,28,11,4,0,MUNITION_LAUNCHER,0
Tornado_ADV,1,1,2,224,1,1,0,0,FIGHTER,0
VERA_RADAR,11,9,1,165,2,2,15,0,RADAR,80
VERA_E,11,9,1,165,3,16,1,0,EW_SYSTEM,0
HS_748,1,1,2,99,6,1,0,0,MILITARY_AEW,0
SAMYUKTA_ECM_SYSTEM,4,1,1,99,7,3,0,0,EW_SYSTEM,0
SAMYUKTA_CC_SHELTER,4,1,1,99,7,2,0,0,EW_SYSTEM,0
SAMYUKTA_DF_SHELTER,4,1,1,99,6,1,0,0,EW_SYSTEM,0
EADS_ECM_SYSTEM,4,1,1,165,7,2,0,0,EW_SYSTEM,0
EADS_CC_SHELTER,4,1,1,165,7,1,0,0,EW_SYSTEM,0
EADS_DF_SHELTER,4,1,1,165,6,2,0,0,EW_SYSTEM,0
PENTACLE,4,1,1,165,6,1,1,0,EW_SYSTEM,0
BRAHMOS_MUNITION_LAUNCHER,17,1,1,99,28,13,0,0,MUNITION_LAUNCHER,0
MISSILE_SPICE_250,12,2,9,99,1,2,0,0,MISSILE,0
MISSILE_HAMMER,12,2,9,99,1,3,0,0,MISSILE,0
MISSILE_AS_14,12,2,9,99,1,4,0,0,MISSILE,0
MISSILE_AS_18,12,2,6,99,1,2,0,0,MISSILE,0
MISSILE_AS_20,12,2,6,99,1,3,0,0,MISSILE,0
MISSILE_PAF_AGM_84_L_HARPOON,12,2,6,165,1,1,1,0,MISSILE,0
MISSILE_IAF_AGM_84_L_HARPOON,12,2,6,99,1,4,1,0,MISSILE,0
MISSILE_AS_17,12,2,6,99,1,5,0,0,MISSILE,0
MISSILE_POPEYE_2,12,2,6,99,1,6,0,0,MISSILE,0
ARTILLERY_FATAH_I,3,1,1,165,4,4,0,0,ARTILLERY,0
MISSILE_FATAH_I,12,2,9,165,2,7,0,0,MISSILE,0
ARTILLERY_SMERCH_PINAKA,3,1,1,99,4,2,0,0,ARTILLERY,0
AH_64E_Apache,2,1,2,99,20,2,0,0,HELICOPTER,0
MISSILE_ALARM,12,2,4,224,1,1,0,0,MISSILE,0
ARTILLERY_FATAH_II,3,1,1,165,4,5,0,0,ARTILLERY,0
MISSILE_FATAH_II,12,2,9,165,2,8,0,0,MISSILE,0
MISSILE_PINAKA,12,2,2,99,1,1,0,0,MISSILE,0
MISSILE_AIM7_SPARROW,12,2,1,165,1,15,1,0,MISSILE,0
BOMB_SLAMMER_1,13,2,9,165,1,10,0,0,BOMB,0
BOMB_SLAMMER_2,13,2,9,165,1,11,0,0,BOMB,0
BOMB_SLAMMER_3,13,2,9,165,1,12,0,0,BOMB,0
BOMB_SLAMMER_4,13,2,9,165,1,13,0,0,BOMB,0
MISSILE_BLAZE_1,12,2,4,165,1,2,0,0,MISSILE,0
MISSILE_BLAZE_2,12,2,4,165,1,3,0,0,MISSILE,0
MISSILE_PULSE_1,12,2,4,165,1,4,0,0,MISSILE,0
MISSILE_PULSE_2,12,2,4,165,1,5,0,0,MISSILE,0
J_16,1,1,2,45,1,6,6,0,FIGHTER,130
HQ_22_DETECTION_CENTER,11,1,1,45,28,14,1,0,DETECTION_CENTER,0
HQ_22_FIRE_COMMAND_AND_CONTROL_CENTER,4,1,1,45,28,14,2,0,COMMAND_AND_CONTROL_CENTER,0
HQ_22_MUNITION_LAUNCHER,17,1,1,45,28,14,3,0,MUNITION_LAUNCHER,0
MISSILE_HQ_22,12,2,1,45,1,23,5,0,MISSILE,0
YTG_9,1,1,2,45,6,4,0,0,MILITARY_AEW,0
KJ_500,1,1,2,45,8,3,1,0,MILITARY_AEW,0
YY_20A,1,1,2,45,4,8,2,0,MILITARY_CARGO_TANKER,0
MISSILE_PL_9,12,2,1,45,1,12,0,0,MISSILE,0
MISSILE_PL_10_PLAAF,12,2,1,45,1,21,0,0,MISSILE,0
MISSILE_PL_12,12,2,1,45,1,20,0,0,MISSILE,0
MISSILE_PL_15_PLAAF,12,2,1,45,1,24,0,0,MISSILE,0
MISSILE_PL_17,12,2,1,45,1,28,0,0,MISSILE,0
MISSILE_YJ_83K,12,2,6,45,1,11,5,0,MISSILE,0
MISSILE_KD_88,12,2,6,45,1,11,3,0,MISSILE,0
BOMB_LS_500J,13,2,9,45,1,28,0,0,BOMB,0
